<?xml version="1.0" encoding="UTF-8"?>
<GenRun Id="synth_1" LaunchPart="xc7s50csga324-1" LaunchTime="1669005085">
  <File Type="PA-TCL" Name="alu_4.tcl"/>
  <File Type="REPORTS-TCL" Name="alu_4_reports.tcl"/>
  <File Type="RDS-RDS" Name="alu_4.vds"/>
  <File Type="RDS-UTIL" Name="alu_4_utilization_synth.rpt"/>
  <File Type="RDS-UTIL-PB" Name="alu_4_utilization_synth.pb"/>
  <File Type="RDS-DCP" Name="alu_4.dcp"/>
  <FileSet Name="sources" Type="DesignSrcs" RelSrcDir="$PSRCDIR/sources_1">
    <Filter Type="Srcs"/>
    <File Path="$PSRCDIR/sources_1/new/alu_4.v">
      <FileInfo>
        <Attr Name="ImportPath" Val="$PPRDIR/../../迅雷下载/网安数电1班/proj_alu_4/proj_alu_4.srcs/sources_1/new/alu_4.v"/>
        <Attr Name="ImportTime" Val="1669004960"/>
        <Attr Name="UsedIn" Val="synthesis"/>
        <Attr Name="UsedIn" Val="implementation"/>
        <Attr Name="UsedIn" Val="simulation"/>
      </FileInfo>
    </File>
    <Config>
      <Option Name="DesignMode" Val="RTL"/>
      <Option Name="TopModule" Val="alu_4"/>
      <Option Name="TopAutoSet" Val="TRUE"/>
    </Config>
  </FileSet>
  <FileSet Name="constrs_in" Type="Constrs" RelSrcDir="$PSRCDIR/constrs_1">
    <Filter Type="Constrs"/>
    <File Path="$PSRCDIR/constrs_1/new/alu_4.xdc">
      <FileInfo>
        <Attr Name="ImportPath" Val="$PPRDIR/../../迅雷下载/网安数电1班/proj_alu_4/proj_alu_4.srcs/constrs_1/new/alu_4.xdc"/>
        <Attr Name="ImportTime" Val="1669004673"/>
        <Attr Name="UsedIn" Val="synthesis"/>
        <Attr Name="UsedIn" Val="implementation"/>
      </FileInfo>
    </File>
    <Config>
      <Option Name="TargetConstrsFile" Val="$PSRCDIR/constrs_1/new/alu_4.xdc"/>
      <Option Name="ConstrsType" Val="XDC"/>
    </Config>
  </FileSet>
  <FileSet Name="utils" Type="Utils" RelSrcDir="$PSRCDIR/utils_1">
    <Filter Type="Utils"/>
    <Config>
      <Option Name="TopAutoSet" Val="TRUE"/>
    </Config>
  </FileSet>
  <Strategy Version="1" Minor="2">
    <StratHandle Name="Vivado Synthesis Defaults" Flow="Vivado Synthesis 2018"/>
    <Step Id="synth_design"/>
  </Strategy>
</GenRun>
