<?xml version="1.0"?>
<Runs Version="1" Minor="0">
	<Run Id="design_1_sysu_clk_div_0_0_synth_1" LaunchDir="D:/1/fenpin1/fenpin1.runs/design_1_sysu_clk_div_0_0_synth_1" FlowId="Vivado_Synthesis" FromStepId="vivado" ToStepId="vivado"/>
	<Run Id="design_1_sysu_74LS74_0_0_synth_1" LaunchDir="D:/1/fenpin1/fenpin1.runs/design_1_sysu_74LS74_0_0_synth_1" FlowId="Vivado_Synthesis" FromStepId="vivado" ToStepId="vivado"/>
	<Run Id="design_1_sysu_74LS08_0_0_synth_1" LaunchDir="D:/1/fenpin1/fenpin1.runs/design_1_sysu_74LS08_0_0_synth_1" FlowId="Vivado_Synthesis" FromStepId="vivado" ToStepId="vivado"/>
	<Run Id="design_1_sysu_74LS86_0_0_synth_1" LaunchDir="D:/1/fenpin1/fenpin1.runs/design_1_sysu_74LS86_0_0_synth_1" FlowId="Vivado_Synthesis" FromStepId="vivado" ToStepId="vivado"/>
	<Run Id="design_1_sysu_high_level_0_0_synth_1" LaunchDir="D:/1/fenpin1/fenpin1.runs/design_1_sysu_high_level_0_0_synth_1" FlowId="Vivado_Synthesis" FromStepId="vivado" ToStepId="vivado"/>
	<Run Id="design_1_sysu_74LS04_0_0_synth_1" LaunchDir="D:/1/fenpin1/fenpin1.runs/design_1_sysu_74LS04_0_0_synth_1" FlowId="Vivado_Synthesis" FromStepId="vivado" ToStepId="vivado"/>
	<Parameters>
		<Parameter Name="runs.monitorLSFJobs" Val="true" Type="bool"/>
	</Parameters>
</Runs>

