<?xml version="1.0"?>
<Runs Version="1" Minor="0">
	<Run Id="design_1_sysu_74LS32_0_1_synth_1" LaunchDir="D:/1/CLOCK2/CLOCK2.runs/design_1_sysu_74LS32_0_1_synth_1" FlowId="Vivado_Synthesis" FromStepId="vivado" ToStepId="vivado"/>
	<Run Id="design_1_sysu_74LS08_0_1_synth_1" LaunchDir="D:/1/CLOCK2/CLOCK2.runs/design_1_sysu_74LS08_0_1_synth_1" FlowId="Vivado_Synthesis" FromStepId="vivado" ToStepId="vivado"/>
	<Run Id="design_1_sysu_low_level_0_0_synth_1" LaunchDir="D:/1/CLOCK2/CLOCK2.runs/design_1_sysu_low_level_0_0_synth_1" FlowId="Vivado_Synthesis" FromStepId="vivado" ToStepId="vivado"/>
	<Run Id="design_1_sysu_high_level_0_0_synth_1" LaunchDir="D:/1/CLOCK2/CLOCK2.runs/design_1_sysu_high_level_0_0_synth_1" FlowId="Vivado_Synthesis" FromStepId="vivado" ToStepId="vivado"/>
	<Run Id="design_1_sysu_74LS11_0_0_synth_1" LaunchDir="D:/1/CLOCK2/CLOCK2.runs/design_1_sysu_74LS11_0_0_synth_1" FlowId="Vivado_Synthesis" FromStepId="vivado" ToStepId="vivado"/>
	<Run Id="design_1_sysu_74LS04_0_0_synth_1" LaunchDir="D:/1/CLOCK2/CLOCK2.runs/design_1_sysu_74LS04_0_0_synth_1" FlowId="Vivado_Synthesis" FromStepId="vivado" ToStepId="vivado"/>
	<Run Id="design_1_sysu_74LS00_0_0_synth_1" LaunchDir="D:/1/CLOCK2/CLOCK2.runs/design_1_sysu_74LS00_0_0_synth_1" FlowId="Vivado_Synthesis" FromStepId="vivado" ToStepId="vivado"/>
	<Run Id="design_1_sysu_74LS73_1_0_synth_1" LaunchDir="D:/1/CLOCK2/CLOCK2.runs/design_1_sysu_74LS73_1_0_synth_1" FlowId="Vivado_Synthesis" FromStepId="vivado" ToStepId="vivado"/>
	<Run Id="design_1_sysu_74LS73_0_0_synth_1" LaunchDir="D:/1/CLOCK2/CLOCK2.runs/design_1_sysu_74LS73_0_0_synth_1" FlowId="Vivado_Synthesis" FromStepId="vivado" ToStepId="vivado" IsOrderedIPRun="true">
		<Parent Id="design_1_sysu_74LS73_1_0_synth_1"/>
	</Run>
	<Run Id="design_1_sysu_74LS74_0_0_synth_1" LaunchDir="D:/1/CLOCK2/CLOCK2.runs/design_1_sysu_74LS74_0_0_synth_1" FlowId="Vivado_Synthesis" FromStepId="vivado" ToStepId="vivado"/>
	<Run Id="synth_1" LaunchDir="D:/1/CLOCK2/CLOCK2.runs/synth_1" FlowId="Vivado_Synthesis" FromStepId="vivado" ToStepId="vivado">
		<Parent Id="design_1_sysu_74LS32_0_1_synth_1"/>
		<Parent Id="design_1_sysu_74LS08_0_1_synth_1"/>
		<Parent Id="design_1_sysu_low_level_0_0_synth_1"/>
		<Parent Id="design_1_sysu_high_level_0_0_synth_1"/>
		<Parent Id="design_1_sysu_74LS11_0_0_synth_1"/>
		<Parent Id="design_1_sysu_74LS04_0_0_synth_1"/>
		<Parent Id="design_1_sysu_74LS00_0_0_synth_1"/>
		<Parent Id="design_1_sysu_74LS73_1_0_synth_1"/>
		<Parent Id="design_1_sysu_74LS73_0_0_synth_1"/>
		<Parent Id="design_1_sysu_74LS74_0_0_synth_1"/>
	</Run>
	<Parameters>
		<Parameter Name="runs.monitorLSFJobs" Val="true" Type="bool"/>
	</Parameters>
</Runs>

