<?xml version="1.0"?>
<Runs Version="1" Minor="0">
	<Run Id="design_1_sysu_clk_div_0_0_synth_1" LaunchDir="D:/1/clock1/clock1.runs/design_1_sysu_clk_div_0_0_synth_1" FlowId="Vivado_Synthesis" FromStepId="vivado" ToStepId="vivado"/>
	<Run Id="design_1_sysu_74LS160_0_0_synth_1" LaunchDir="D:/1/clock1/clock1.runs/design_1_sysu_74LS160_0_0_synth_1" FlowId="Vivado_Synthesis" FromStepId="vivado" ToStepId="vivado"/>
	<Run Id="design_1_sysu_74LS160_1_0_synth_1" LaunchDir="D:/1/clock1/clock1.runs/design_1_sysu_74LS160_1_0_synth_1" FlowId="Vivado_Synthesis" FromStepId="vivado" ToStepId="vivado" IsOrderedIPRun="true">
		<Parent Id="design_1_sysu_74LS160_0_0_synth_1"/>
	</Run>
	<Run Id="design_1_sysu_high_level_0_0_synth_1" LaunchDir="D:/1/clock1/clock1.runs/design_1_sysu_high_level_0_0_synth_1" FlowId="Vivado_Synthesis" FromStepId="vivado" ToStepId="vivado"/>
	<Run Id="design_1_sysu_low_level_0_0_synth_1" LaunchDir="D:/1/clock1/clock1.runs/design_1_sysu_low_level_0_0_synth_1" FlowId="Vivado_Synthesis" FromStepId="vivado" ToStepId="vivado"/>
	<Run Id="design_1_sysu_74LS10_0_0_synth_1" LaunchDir="D:/1/clock1/clock1.runs/design_1_sysu_74LS10_0_0_synth_1" FlowId="Vivado_Synthesis" FromStepId="vivado" ToStepId="vivado"/>
	<Run Id="design_1_sysu_74LS160_2_0_synth_1" LaunchDir="D:/1/clock1/clock1.runs/design_1_sysu_74LS160_2_0_synth_1" FlowId="Vivado_Synthesis" FromStepId="vivado" ToStepId="vivado" IsOrderedIPRun="true">
		<Parent Id="design_1_sysu_74LS160_0_0_synth_1"/>
	</Run>
	<Run Id="design_1_sysu_74LS160_3_0_synth_1" LaunchDir="D:/1/clock1/clock1.runs/design_1_sysu_74LS160_3_0_synth_1" FlowId="Vivado_Synthesis" FromStepId="vivado" ToStepId="vivado" IsOrderedIPRun="true">
		<Parent Id="design_1_sysu_74LS160_0_0_synth_1"/>
	</Run>
	<Run Id="design_1_sysu_74LS160_4_0_synth_1" LaunchDir="D:/1/clock1/clock1.runs/design_1_sysu_74LS160_4_0_synth_1" FlowId="Vivado_Synthesis" FromStepId="vivado" ToStepId="vivado" IsOrderedIPRun="true">
		<Parent Id="design_1_sysu_74LS160_0_0_synth_1"/>
	</Run>
	<Run Id="design_1_sysu_74LS160_5_0_synth_1" LaunchDir="D:/1/clock1/clock1.runs/design_1_sysu_74LS160_5_0_synth_1" FlowId="Vivado_Synthesis" FromStepId="vivado" ToStepId="vivado" IsOrderedIPRun="true">
		<Parent Id="design_1_sysu_74LS160_0_0_synth_1"/>
	</Run>
	<Run Id="design_1_sysu_74LS160_6_0_synth_1" LaunchDir="D:/1/clock1/clock1.runs/design_1_sysu_74LS160_6_0_synth_1" FlowId="Vivado_Synthesis" FromStepId="vivado" ToStepId="vivado" IsOrderedIPRun="true">
		<Parent Id="design_1_sysu_74LS160_0_0_synth_1"/>
	</Run>
	<Run Id="design_1_sysu_74LS160_7_0_synth_1" LaunchDir="D:/1/clock1/clock1.runs/design_1_sysu_74LS160_7_0_synth_1" FlowId="Vivado_Synthesis" FromStepId="vivado" ToStepId="vivado" IsOrderedIPRun="true">
		<Parent Id="design_1_sysu_74LS160_0_0_synth_1"/>
	</Run>
	<Run Id="design_1_sysu_74LS197_0_0_synth_1" LaunchDir="D:/1/clock1/clock1.runs/design_1_sysu_74LS197_0_0_synth_1" FlowId="Vivado_Synthesis" FromStepId="vivado" ToStepId="vivado"/>
	<Run Id="design_1_sysu_74LS138_0_1_synth_1" LaunchDir="D:/1/clock1/clock1.runs/design_1_sysu_74LS138_0_1_synth_1" FlowId="Vivado_Synthesis" FromStepId="vivado" ToStepId="vivado"/>
	<Run Id="design_1_sysu_74LS151_0_1_synth_1" LaunchDir="D:/1/clock1/clock1.runs/design_1_sysu_74LS151_0_1_synth_1" FlowId="Vivado_Synthesis" FromStepId="vivado" ToStepId="vivado"/>
	<Run Id="design_1_sysu_74LS151_1_0_synth_1" LaunchDir="D:/1/clock1/clock1.runs/design_1_sysu_74LS151_1_0_synth_1" FlowId="Vivado_Synthesis" FromStepId="vivado" ToStepId="vivado" IsOrderedIPRun="true">
		<Parent Id="design_1_sysu_74LS151_0_1_synth_1"/>
	</Run>
	<Run Id="design_1_sysu_74LS151_2_0_synth_1" LaunchDir="D:/1/clock1/clock1.runs/design_1_sysu_74LS151_2_0_synth_1" FlowId="Vivado_Synthesis" FromStepId="vivado" ToStepId="vivado" IsOrderedIPRun="true">
		<Parent Id="design_1_sysu_74LS151_0_1_synth_1"/>
	</Run>
	<Run Id="design_1_sysu_74LS151_3_0_synth_1" LaunchDir="D:/1/clock1/clock1.runs/design_1_sysu_74LS151_3_0_synth_1" FlowId="Vivado_Synthesis" FromStepId="vivado" ToStepId="vivado" IsOrderedIPRun="true">
		<Parent Id="design_1_sysu_74LS151_0_1_synth_1"/>
	</Run>
	<Run Id="design_1_sysu_clk_div_1_0_synth_1" LaunchDir="D:/1/clock1/clock1.runs/design_1_sysu_clk_div_1_0_synth_1" FlowId="Vivado_Synthesis" FromStepId="vivado" ToStepId="vivado"/>
	<Run Id="design_1_sysu_74LS20_0_0_synth_1" LaunchDir="D:/1/clock1/clock1.runs/design_1_sysu_74LS20_0_0_synth_1" FlowId="Vivado_Synthesis" FromStepId="vivado" ToStepId="vivado"/>
	<Run Id="design_1_sysu_74LS00_0_1_synth_1" LaunchDir="D:/1/clock1/clock1.runs/design_1_sysu_74LS00_0_1_synth_1" FlowId="Vivado_Synthesis" FromStepId="vivado" ToStepId="vivado"/>
	<Run Id="design_1_sysu_74LS48_0_0_synth_1" LaunchDir="D:/1/clock1/clock1.runs/design_1_sysu_74LS48_0_0_synth_1" FlowId="Vivado_Synthesis" FromStepId="vivado" ToStepId="vivado"/>
	<Run Id="design_1_sysu_74LS08_0_0_synth_1" LaunchDir="D:/1/clock1/clock1.runs/design_1_sysu_74LS08_0_0_synth_1" FlowId="Vivado_Synthesis" FromStepId="vivado" ToStepId="vivado"/>
	<Run Id="design_1_sysu_74LS04_0_0_synth_1" LaunchDir="D:/1/clock1/clock1.runs/design_1_sysu_74LS04_0_0_synth_1" FlowId="Vivado_Synthesis" FromStepId="vivado" ToStepId="vivado"/>
	<Run Id="design_1_sysu_74LS32_0_0_synth_1" LaunchDir="D:/1/clock1/clock1.runs/design_1_sysu_74LS32_0_0_synth_1" FlowId="Vivado_Synthesis" FromStepId="vivado" ToStepId="vivado"/>
	<Run Id="design_1_sysu_74LS08_1_0_synth_1" LaunchDir="D:/1/clock1/clock1.runs/design_1_sysu_74LS08_1_0_synth_1" FlowId="Vivado_Synthesis" FromStepId="vivado" ToStepId="vivado" IsOrderedIPRun="true">
		<Parent Id="design_1_sysu_74LS08_0_0_synth_1"/>
	</Run>
	<Run Id="design_1_sysu_74LS157_0_0_synth_1" LaunchDir="D:/1/clock1/clock1.runs/design_1_sysu_74LS157_0_0_synth_1" FlowId="Vivado_Synthesis" FromStepId="vivado" ToStepId="vivado"/>
	<Run Id="design_1_sysu_74LS157_1_0_synth_1" LaunchDir="D:/1/clock1/clock1.runs/design_1_sysu_74LS157_1_0_synth_1" FlowId="Vivado_Synthesis" FromStepId="vivado" ToStepId="vivado" IsOrderedIPRun="true">
		<Parent Id="design_1_sysu_74LS157_0_0_synth_1"/>
	</Run>
	<Parameters>
		<Parameter Name="runs.monitorLSFJobs" Val="true" Type="bool"/>
	</Parameters>
</Runs>

